number,quote
1,"Quite a good advertisement for a hair tonic, hed be. Face fungus sprouting finer than ever. Coming out into the limelight, too, in his old age. Mixed up in all the celebrated cases of the day. Train mysteries, air mysteries, high society deaths—oh, hes here, there and everywhere. Never been so celebrated as since he retired."
2,"I shouldnt wonder if you ended by detecting your own death,"
3,"Thats an idea, that is. Ought to be put in a book."
4,"It had quite slipped my memory. Let me see, what was the date mentioned?"
5,Thats what I dropped in about. Yesterday was the 21st and just out of curiosity I rang up Andover last night. It was a hoax all right. Nothing doing. One broken shop window—kid throwing stones—and a couple of drunk and disorderlies. So just for once our Belgian friend was barking up the wrong tree.
6,"Youd quite got the wind up about it, hadnt you?"
7,"Bless you, we get dozens of letters like that coming in every day! People with nothing better to do and a bit weak in the top storey sit down and write em. They dont mean any harm! Just a kind of excitement."
8,It is the nest of the horse that I put my nose into there.
9,"Youre mixing up mares and wasps,"
10,"Just a couple of proverbs. Well, I must be off. Got a little business in the next street to see to—receiving stolen jewellery. I thought Id just drop in on my way and put your mind at rest. Pity to let those grey cells function unnecessarily."
11,"Getting as grey as a badger,"
12,"Weve found a man who went in and bought some tobacco at 5:30. And a second man went in and found the shop empty, as he thought, at five minutes past six. That puts the time at between 5:30 and 6:5. So far I havent been able to find anyone who saw this man Ascher in the neighbourhood, but, of course, its early as yet. He was in the Three Crowns at nine oclock pretty far gone in drink. When we get hold of him hell be detained on suspicion."
13,He didnt live with his wife?
14,Close on sixty—respectable and hard-working.
15,"No, no, I do not mean that—you would not hurt a poor old man—not be hard on him. Everyone is hard on poor old Franz. Poor old Franz."
16,"Pull yourself together. Im not charging you with anything—yet. And youre not bound to make a statement unless you like. On the other hand, if youre not concerned in the murder of your wife—"
17,And there was nothing—how shall I put it—introduced into the shop? Nothing that was odd there—incongruous?
18,"There was a railway guide,"
19,Yes. It was open and turned face downward on the counter. Looked as though someone had been looking up the trains from Andover. Either the old woman or a customer.
20,"No, they dont. And thats another point in his favour. Ive just told the Chief Constable that I think this is a job for Scotland Yard. I dont believe its a local crime."
21,"You know, Monsieur Poirot, its a nasty business—a nasty business…I dont like it…."
22,With the schools breaking up and the holidays beginning? People are fairly flooding into the place this week.
23,"We must do what we can,"
24,"Ill have a watch kept on anyone connected with the Ascher business. Those two witnesses, Partridge and Riddell, and of course Ascher himself. If they show any sign of leaving Andover theyll be followed."
25,"As a matter of fact—my last case—I dont know whether you read about it—the Mabel Homer case, the Muswell Hill schoolgirl, you know—that man Capper was extraordinary. Amazingly difficult to pin the crime on to him—it was his third, too! Looked as sane as you or I. But there are various tests—verbal traps, you know—quite modern, of course, there was nothing of that kind in your day. Once you can induce a man to give himself away, youve got him! He knows that you know and his nerve goes. He starts giving himself away right and left."
26,"Even in my day that happened sometimes,"
27,Pas ça. I wondered—if she were pretty?
28,"As to that Ive no information,"
29,Really—these foreigners! All the same!
30,"Were you informed, by any chance, how and with what the girl was strangled?"
31,"Strangled with her own belt—a thick, knitted affair, I gather."
32,"At last we have a piece of information that is very definite. That tells one something, does it not?"
33,"I havent seen it yet,"
34,Youll see! You wont be able to serve teas fast enough!
35,Really I could not say.
36,"This is Inspector Crome of Scotland Yard, sir,"
37,Hes come down to help us over this business.
38,"Its very painful, madam, I know,"
39,"And weve every sympathy for you, but we want to know all the facts we can so as to get to work as quick as possible."
40,Was your daughter in the habit of—er—returning home late?
41,"Independent, thats what they are. These summer evenings theyre not going to rush home. All the same, Betty was usually in by eleven."
42,I dont know. I walked. It must have been midnight or after when I got home.
43,"Miss Megan Barnard and Mr. Donald Fraser,"
44,"This is Inspector Crome from London,"
45,"While you pursued your investigations upstairs I have been conversing with Miss Barnard and Mr. Fraser, endeavouring if I could to find something that will throw light upon the matter."
46,"My God, are you telling me were going to have five more murders?"
47,"It wont be as much as that, sir,"
48,"Which letter of the alphabet do you place it at, inspector?"
49,"Oh, yes? A little unanswerable at present, perhaps."
50,No news as yet. All men available are on the lookout. All persons whose name begins with C are being warned by phone when possible. Theres just a chance. Wheres the letter?
51,"Its not much good looking for motives at this stage, Mr. Clarke,"
52,"Thats a matter for an alienist—though I may say that Ive had a certain experience of criminal lunacy and that the motives are usually grossly inadequate. There is a desire to assert ones personality, to make a splash in the public eye—in fact, to be a somebody instead of a nonentity."
53,"At any rate such a man cannot escape detection long,"
54,"Not exactly hanging about. Of course, there are a lot of people what you might call wandering about at this time of year. One often meets people strolling with an aimless look across the golf links or down the lanes to the sea. In the same way, practically everyone one sees this time of year is a stranger."
55,"Ill take this with me, M. Poirot. If you care to take a copy of it—"
56,"No, no, it is not necessary."
57,"Fairly comprehensive ones, Mr. Clarke."
58,"This time weve got to get him,"
59,"I may tell you, inspector, that weve formed an association of our own to deal with the matter. A legion of interested parties."
60,"I gather you dont think much of amateurs, inspector?"
61,"The fool has given us ample warning. The 11th isnt till Wednesday of next week. That gives ample time for a publicity campaign in the press. Doncaster will be thoroughly warned. Every soul whose name begins with a D will be on his or her guard—thats so much to the good. Also, well draft police into the town on a fairly large scale. Thats already been arranged for by consent of all the Chief Constables in England. The whole of Doncaster, police and civilians, will be out to catch one man—and with reasonable luck, we ought to get him!"
62,Looks half batty to my mind.
63,"Get me out a list of all stocking manufacturing firms and circularize them. I want a list of all their agents—you know, fellows who sell on commission and tout for orders."
64,"Right, sir. Mr. Poirots done some good stuff in his time, but I think hes a bit gaga now, sir."
65,"Always posing. Takes in some people. It doesnt take in me. Now then, about the arrangement for Doncaster…."
66,I—well—Im not exactly sure. I think he was bald. A sinister-looking fellow.
67,"He didnt limp, did he?"
68,"Yes—yes, now you come to speak of it I think he did limp. Very dark, he might have been some kind of half-caste."
69,"Mr. Hercule Poirots here, sir, and another gentleman."
70,"Better have em in, I suppose."
71,"I have a weak heart, sir—a very weak heart, it might have been the death of me."
72,I am a master at Highfield School for boys.
73,"That is, if the facts are as the boy stated them. Weve had no luck with the stocking manufacturers yet. It was time we got hold of something. By the way, give me that file of the Churston case."
74,"There may be something in that. Nothing to it at the time—but its possible that the idea of the modus operandi for his next crime occurred to our man then. Weve got Hills name and address, I see. His description of the man is vague but it links up well enough with the descriptions of Mary Stroud and this Tom Hartigan…."
75,"I went to the address given me by Hartigan, but found that Cust had left the house about half an hour previously. He received a telephone message, Im told. First time such a thing had happened to him, so his landlady told me."
76,"Ive found something else, too,"
77,"Only found it this morning, sir. Not had time to report yet. There was no sign of the knife in his room—"
78,"After all, hes not a reasonable human being,"
79,"Anway, it occurred to me that he might just possibly have brought it back to the house and then realized the danger of hiding it (as M. Poirot points out) in his room, and have looked about elsewhere. What place in the house would he be likely to select? I got it straight away. The hall stand—no one ever moves a hall stand. With a lot of trouble I got it moved out from the wall—and there it was!"
80,"As you say, Crome, pulling him in is only a matter of time."
81,"Wed have had him before now,"
82,if he wasnt so ordinary-looking. Weve worried enough perfectly inoffensive citizens as it is.
83,for a defence to be offered at this stage? I thought prisoners always reserved their defence.
84,"I suppose young Lucas thought he might rush it through. Hes a trier, I will say. Insanitys the only defence possible."
85,With insanity there can be no acquittal. Imprisonment during His Majestys pleasure is hardly preferable to death.
86,"I suppose Lucas thought there was a chance,"
87,"With a first-class alibi for the Bexhill murder, the whole case might be weakened. I dont think he realized how strong our case is. Anyway, Lucas goes in for originality. Hes a young man, and he wants to hit the public eye."
88,Does this alibi worry you?
89,"Mind you, I dont believe in it, because I know it isnt true. But it is going to be the deuce to break it. This man Strange is a tough character."
90,"Decidedly, it gives one to think."
91,"Its given Crome something to think about,"
92,This man Strange is very positive?
93,"Yes. Hes an obstinate devil. And its difficult to see just where the flaw is. Supposing Strange is making a mistake and the man wasnt Cust—why on earth should he say his name is Cust? And the writing in the hotel register is his all right. You cant say hes an accomplice—homicidal lunatics dont have accomplices! Did the girl die later? The doctor was quite firm in his evidence, and anyway it would take some time for Cust to get out of the hotel at Eastbourne without being seen and get over to Bexhill—about fourteen miles away—"
94,Cromes in a fog. Exert those cellular arrangements of yours I used to hear so much about. Show us the way he did it.
95,Are the little grey cells equal to the task?
96,"Im terribly sorry for
this! A good kind gentleman like Mr. Ackroyd. The butler says it is
murder. No possibility of accident or suicide, doctor?"
97,"Not so that we can discover. Mr. Ackroyd never kept anything of
particular value in this room."
98,"Man found an open window. Climbed in, saw
Mr. Ackroyd sitting there—maybe hed fallen asleep. Man stabbed him
from behind, then lost his nerve and made off. But hes left his tracks
pretty clearly. We ought to get hold of _him_ without much difficulty. No suspicious strangers been hanging about anywhere?"
99,Who could have been with him at half-past nine?
100,"I think weve seen you down here before, sir,"
101,"I didnt recognize you for the moment, but you were staying with Mr. Ackroyd a year ago last May."
102,"——Does not ask for loans for himself or subscriptions for others,"
103,"It may be that here
we have a very important clew."
104,"If youll excuse me, sir, Miss Flora saw him after that."
105,"I must see Miss Ackroyd at once. For the
moment well leave this room exactly as it is. I can return here after
Ive heard what Miss Ackroyd has to tell me. I shall just take the
precaution of shutting and bolting the window."
106,"Were afraid theres
been an attempt at robbery, and we want you to help us. Whats this
room—the billiard room? Come in here and sit down."
107,"Oh! yes, I forgot. He said: Tell Parker I dont want anything more
to-night, and that hes not to disturb me. I met Parker just outside
the door and gave him uncles message."
108,Wont you tell me what it is that has been stolen?
109,"It was a dark night, you see,
and the fellow had his coat collar well pulled up and his hat squashed
down over his eyes."
110,"Looked as though he wanted to conceal his
face. Sure it was no one you know?"
111,"Mightnt have had time to go on with the letter just then,"
112,"We know some one was with him at half-past nine. If
that visitor turned up as soon as you left, and after he went, Miss
Ackroyd came in to say good-night—well, he wouldnt be able to go on
with the letter until close upon ten oclock."
113,"Ill spare you the technical language,"
114,"Well keep that
for the inquest. The blow was delivered by a right-handed man
standing behind him, and death must have been instantaneous. By the
expression on the dead mans face, I should say that the blow was quite
unexpected. He probably died without knowing who his assailant was."
115,"Butlers can creep about as soft-footed as cats,"
116,"Theres not going to be much mystery about this crime. Take a look at
the hilt of that dagger."
117,"Something honest and
ingenuous about him."
118,"Major Blunt hasnt looked at it yet,"
119,"You said nothing about it,"
120,"Lot of harm done by blurting out things at
the wrong time."
121,"I cant say I remember noticing it—but, of
course, it may have been there all the time."
122,"Wed better get hold of the housekeeper,"
123,"I dont think I went near the silver table,"
124,"I was looking to see that all the
flowers were fresh. Oh! yes, I remember now. The silver table was
open—which it had no business to be, and I shut the lid down as I
passed."
125,"Can you tell me if this dagger was in its
place then?"
126,"I didnt stop to look. I knew
the family would be down any minute, and I wanted to get away."
127,"Rather a Tartar, I should fancy, eh?"
128,"Let me see. This silver table is in front of one of the
windows, I think you said, doctor?"
129,"Its going to be
an important piece of evidence in more ways than one."
130,"No. 1, Dr. Sheppard; No. 2, my humble self. One
from Major Blunt will be forthcoming in the morning."
131,There seems a fairly clear case against him.
132,"Were naturally anxious not to have to call in
Scotland Yard. Raglan seems very sure of himself, but Im not quite
certain that I agree with him. You see, I—er—know the parties concerned
better than he does. This fellow doesnt seem out after kudos, does he? Would work in with us unobtrusively, eh?"
133,"I see you dont let the grass grow under your feet, Mr. Poirot. It
will be a pleasure to work with you, Im sure. Were going to take that
young gentlemans fingerprints as soon as we can lay hands upon him."
134,"Ive known Ralph Paton from a boy upward. Hed never
stoop to murder."
135,What have you got against him?
136,"Went out just on nine oclock last night. Was seen in neighborhood of
Fernly Park somewhere about nine-thirty. Not been seen since. Believed
to be in serious money difficulties. Ive got a pair of his shoes
here—shoes with rubber studs in them. He had two pairs, almost exactly
alike. Im going up now to compare them with those footmarks. The
constable is up there seeing that no one tampers with them."
137,or would you prefer to examine the study?
138,"Im afraid I shall not be able to be of much aid to you, then?"
139,"Though we dont
have murders every day in this quiet little corner of the world."
140,"How exactly
did you go to work, if I may ask?"
141,"To begin with—method. Thats what I
always say—method!"
142,"That, too, is my watchword. Method, order, and
the little gray cells."
143,"The little gray cells of the brain,"
144,"And there are, too,
differences in quality. Then there is the psychology of a crime. One
must study that."
145,"youve been bitten with all this
psychoanalysis stuff? Now, Im a plain man——"
146,"Mrs. Raglan would not agree, I am sure, to that,"
147,"Exactly twenty-five minutes past nine,"
148,"That is to say, theyre not
the same pair that actually made these prints. He went away in those. This is a pair just like them, but older—see how the studs are worn
down."
149,Surely a great many people wear shoes with rubber studs in them?
150,"I shouldnt put so much
stress on the footmarks if it wasnt for everything else."
151,To leave so much evidence of his presence.
152,"it was a dry, fine night, you know. He
left no prints on the terrace or on the graveled path. But, unluckily
for him, a spring must have welled up just lately at the end of the
path from the drive. See here."
153,You noticed the womens footprints?
154,"Naturally. But several different women have walked this way—and men
as well. Its a regular short cut to the house, you see. It would be
impossible to sort out all the footsteps. After all, its the ones on
the window-sill that are really important."
155,"Its no good going farther,"
156,"Its all graveled again here, and hard as it can be."
157,"There is one thing I should like to know from you, mademoiselle. When
you were examining the things in the silver table with Dr. Sheppard,
was the dagger in its place, or was it not?"
158,"Ive
told him, and Ill tell you. Im perfectly certain the dagger was _not_
there. He thinks it was and that Ralph sneaked it later in the evening. And—and he doesnt believe me. He thinks Im saying it to—to shield
Ralph."
159,"He kept his money like that, in an unlocked drawer. Just fancy,"
160,"Mr. Ackroyd had perfect faith in the honesty of all the servants,"
161,"But shes a nice
ordinary country girl."
162,"I think we ought to clear this matter up,"
163,"If
Mr. Ackroyd paid that money away himself, it may have a bearing on the
mystery of the crime. The other servants all right, as far as you know?"
164,"She, too, was a most superior girl. Very quiet and ladylike. An
excellent worker."
165,Then why is she leaving?
166,"It was none of my doing. I understand Mr. Ackroyd found fault with
her yesterday afternoon. It was her duty to do the study, and she
disarranged some of the papers on his desk, I believe. He was very
annoyed about it, and she gave notice. At least, that is what I
understood from her, but perhaps youd like to see her yourselves?"
167,I understand you are leaving?
168,"I know nothing about any money. If you think I took it, and that that
is why Mr. Ackroyd dismissed me, you are wrong."
169,"Im not accusing you of taking it, my girl,"
170,"You can search my things if you like,"
171,"Reads all right. Mrs. Richard Folliott, Marby Grange,
Marby. Whos this woman?"
172,"lets have a look at the
other one, Elsie Dale."
173,"I dont think theres anything wrong with her,"
174,"Im trying to judge the thing
fair and square. Im a local man, and Ive seen Captain Paton many
times in Cranchester. Im not wanting him to be the guilty one—but its
bad whichever way you look at it. If hes innocent, why doesnt he come
forward? Weve got evidence against him, but its just possible that
that evidence could be explained away. Then why doesnt he give an
explanation?"
175,"Unless it was deliberately intended to throw you off the scent. That
might just possibly be the point of the telephone message."
176,"Do you really think
thats the explanation of the telephone call?"
177,"beware of the blind—the blind—_comment
dire?_—the little street that has no end to it."
178,"That is it—the blind street that leads nowhere. So it may be with
those fingerprints—they may lead you nowhere."
179,"Very well. None of them correspond. That leaves us two alternatives. Ralph Paton, or the mysterious stranger the doctor here tells us about. When we get hold of those two——"
180,To make a confusing case even more confusing.
181,"Ill look into it. What gave you the idea
in the first place?"
182,"its an idea. Ill look into it all right,
but dont you be disappointed if nothing comes of it."
183,What first attracted your attention to that summer-house?
184,And what account does he give of himself?
185,"Hes a wary bird,
I gather. A lot of abuse, but very little more."
186,"On Friday evening last, outside the gates of Fernly Park. You asked me
the way there."
187,I dont admit anything. Not till I know what youve got on me.
188,"Yes, but is it really so? Thats what Im getting at."
189,"This gentleman will tell you,"
190,"If youve spoken the
truth, you wont have anything to complain about. What were you doing
at Fernly Park anyway?"
191,"Well, that alibi is all right
enough."
192,"Hercule Poirot says he knows the reason the man went there that
night,"
193,"He says he went there because he was born
in Kent."
194,"Well go
up to The Larches together, and acquaint our Belgian friend with the
latest news."
195,"Seems quite O.K., doesnt it?"
196,"A
chap cant be murdering some one in one place when hes drinking in the
bar in another place a mile away."
197,"Can we have a word
or two alone with you?"
198,"Dont go, Major Blunt. He can
stay, cant he?"
199,"Theres a question
or two its my duty to put to you, miss, but Id prefer to do so
privately, and I dare say youd prefer it also."
200,"I admit everything; I was at my wits end for money. I never saw my
uncle that evening after he left the dinner-table. As to the money, you
can take what steps you please. Nothing could be worse than it is now!"
201,"that money was given to me by Mr. Ackroyd for a special purpose. Miss Ackroyd never touched it. When she
says she did, she is lying with the idea of shielding Captain Paton. The truth is as I said, and I am prepared to go into the witness box
and swear to it."
202,"You have not got rid of me so easily, you see!"
203,"For the moment, yes. And you, you have seen all the patients?"
204,"I dont know what to think,"
205,"is very interesting—but hardly in the sphere of
practical politics."
206,What about time of death?
207,"Cant say definitely without knowing more about her. Lots of factors to take into account. Lets see, its quarter to one now. What time was it when you found her?"
208,"Yes—yes—about that, I should think."
209,"This the husband? Oh! I see, my mistake. Thought it might be. He seems rather done in over it."
210,Lets put it at twenty minutes to twelve. She cannot have been killed very long before that. Say between then and eleven—quarter to eleven at the earliest outside limit.
211,That ought to help us considerably. Puts it within very narrow limits—less than an hour all told.
212,"Now then, I think its all clear so far. Youre Miss Emily Brewster and this is Mr. Patrick Redfern, both staying at the Jolly Roger Hotel. You identify this lady as a fellow guest of yours at the hotel—the wife of a Captain Marshall?"
213,that well adjourn to the hotel.
214,But accidents happen in the best regulated—er households.
215,"Aym sure Inspector Colgate will bear me out,"
216,"Yes, its a nasty business."
217,And the newspapers. My hotel in the newspapers!
218,Takes her death coolly enough.
219,"Sometimes these quiet ones are the most violent underneath, so to speak. Its all bottled up. He may have been madly fond of her—and madly jealous. But hes not the kind to show it."
220,"What have you got to say about that, Colgate?"
221,"Well, you know, sir, I rather fancy that alibi. Its not too good, if you know what I mean. Its—well, its natural. And if we find the chambermaid was about, and did hear the typewriter going, well then, it seems to me that its all right and that well have to look elsewhere."
222,"I think, sir, that we can wash out the first two entries. Mrs. Castle tells me that the Mastermans and the Cowans come here regularly every summer with their children. This morning they went off on an all-day excursion sailing, taking lunch with them. They left just after nine oclock. A man called Andrew Baston took them. We can check up from him, but I think we can put them right out of it."
223,"Next—the Redferns. Mr. Redfern is young, attractive to women, a magnificent swimmer, a good tennis player and accomplished dancer. His wife I have already spoken of to you. She is quiet, pretty in a washed-out way. She is, I think, devoted to her husband. She has something that Arlena Marshall did not have."
224,"Brains dont count for much when it comes to an infatuation, sir."
225,"I can only tell you one thing. He is a man who is in a condition of great nervous tension. Also he is, I think, a fanatic."
226,"Oh, that kind of person."
227,"But that, you see, was where I was wrong. Because, although her husband appeared almost immediately on the beach and asked if I had seen her, Patrick Redfern arrived also—and was most patently and obviously looking for her! And therefore, my friends, I am asking myself, who was it that Arlena Marshall went off to meet?"
228,That fits in with my idea. A man from London or somewhere.
229,"But, my friend, according to your theory, Arlena Marshall had broken with this mythical man. Why, then, should she take such trouble and pains to meet him?"
230,Who do you think it was?
231,"That is just what I cannot imagine. We have just read through the list of hotel guests. They are all middle-aged—dull. Which of them would Arlena Marshall prefer to Patrick Redfern? No, that is impossible. And yet, all the same, she did go to meet someone—and that someone was not Patrick Redfern."
232,Yes. Oh! she didnt do it! She couldnt have done it—physically impossible as you said. Marshall could have done it—but apparently he didnt.
233,"Excuse me, sir, Ive been thinking about that alibi. Its possible, you know, if hed thought this thing out, that those letters were got ready beforehand."
234,Now we are getting somewhere!
235,But it is not the wicked blackmailer who lies dead. It is the victim.
236,"Thats a bit of a setback, I agree,"
237,"Blackmailers arent in the habit of bumping off their victims. But what it does give us is this, it suggests a reason for Mrs. Marshalls curious behaviour this morning. Shed got a rendezvous with this fellow who was blackmailing her, and she didnt want either her husband or Redfern to know about it."
238,"Of course, the Pixys Cave—remember hearing about it."
239,"Havent heard it spoken of for years, though. Wed better have a look inside it. Never know, we might find a pointer of some kind."
240,"Excluding the waiters, boots, etc., whom I dont think likely, weve got the following. The American—Gardener, Major Barry, Mr. Horace Blatt, and the Reverend Stephen Lane."
241,"We can narrow it down a bit, sir. We might almost rule out the American, I think. He was on the beach all the morning. Thats so, isnt it, M. Poirot?"
242,"Might fit in rather well, sir."
243,"And you say she never left the beach this morning, M. Poirot?"
244,"My dear Inspector, she came down to the beach before Mrs. Marshall could have reached Pixy Cove and she was within my sight until she set off with Mr. Redfern in the boat."
245,Then that washes her out.
246,"Might be worth while to find out if J.N. really did go to China. Otherwise—well, he might be the person were looking for. Crazy about the woman, idealizing her, suddenly finding out hed been played for a sucker. It sounds to me as though this is the boy Miss Brewster mentioned. Yes, I think this might be useful."
247,Just about twenty past eleven. I noticed the clock in the hall as I went out again.
248,"And that puts the lid on it finally,"
249,"The chambermaid heard him typing up till five minutes to eleven. Miss Darnley saw him at twenty minutes past, and the woman was dead at a quarter to twelve. He says he spent that hour typing in his room, and it seems quite clear that he was typing in his room. That washes Captain Marshall right out."
250,"Are you suggesting that Miss Darnleys mixed up in this? Nonsense, seems absurd to me. Why should she be?"
251,"Youll remember what the American lady, Mrs. Gardener, said. She sort of hinted that Miss Darnley was sweet on Captain Marshall. Thered be a motive there, sir."
252,Arlena Marshall wasnt killed by a woman. Its a man weve got to look for. Weve got to stick to the men in the case.
253,"Yes, thats true, sir. We always come back to that, dont we?"
254,Better put a constable on to timing one or two things. From the hotel across the island to the top of the ladder. Let him do it running and walking. Same thing with the ladder itself. And somebody had better check the time it takes to go on a float from the bathing beach to the cove.
255,I think that he is—nervous!
256,Ive got those times worked out. From the hotel to the ladder down to Pixy Cove three minutes. Thats walking till you are out of sight of the hotel and then running like hell.
257,"I think we shall manage the inquest for the day after tomorrow, Captain Marshall."
258,"Excuse me, sir, allow me to return you these."
259,What is it? Diamorphine Hydrochloride. Stuff thats usually called Heroin.
260,"Now were getting places, all right! Depend upon it, this dope stunt is at the bottom of the whole business."
261,"If the Marshall womans death is the result of her getting mixed-up, innocently or otherwise, with the dope-running stunt, then wed better hand the whole thing over to Scotland Yard. Its their pigeon. Eh? What do you say?"
262,"Im afraid youre right, sir. If its dope, then its a case for the Yard."
263,There was a case—body of a young woman found somewhere near Bagshot. Going to meet her husband somewhere and never turned up. And there was what the papers called the Lonely Copse Mystery. Both in Surrey if I remember rightly.
264,"Surrey? My word, sir, it fits, doesnt it? I wonder…."
265,—so difficult to know which pieces are part of the fur rug and which are the cats tail.
266,I apologize. I was following a train of thought of my own.
267,"You have a word in your language—slick. This crime seemed to me a very slick crime! It made me wonder if, perhaps, it was not a first attempt."
268,"I said to myself, let us examine past crimes of a similar kind and if there is a crime that closely resembles this one—eh bien, we shall have there a very valuable clue."
269,"No, no, I mean more than that. The death of Nellie Parsons for instance tells me nothing. But the death of Alice Corrigan—tell me, Inspector Colgate, do you not notice one striking form of similarity in this crime?"
270,"No, sir, I cant say that I do really. Unless its that in each case the husband has got a cast-iron alibi."
