Turn No.,Agent Name,Spoken Content,Believed murderer
1,Poirot,"Bonjour, mes amis. We find ourselves in a most intriguing and complex case, n'est-ce pas? As we begin our collaborative investigation, it is essential that we share all relevant information to ensure a thorough understanding of the events that transpired on the luxurious cruise ship ""Sunshine"".

To commence, I shall summarize the clues I have gathered during my initial investigation. We have a series of events that unfolded between 17:00 and 02:20, involving several individuals, including Yosef, Zack, Wendy, Lynn, and Wilson. The victim, Yosef, was a prominent figure in London's underworld, with a history of involvement in illicit activities such as drug trafficking, prostitution, and gambling.

The collected clues suggest that Yosef's death may be linked to his drug dealings, particularly with Zack, who had a long-term partnership with the victim. We also have evidence of a potential motive for murder, as Lynn claimed that Yosef was attempting to kill her, and she sought help from Wilson.

Now, I must ask, mes amis, what information have you gathered during your respective investigations? Sherlock, what forensic evidence did you uncover at the crime scene? And Miss Marple, what insights did you gain from interviewing the suspects and learning about their personal stories and potential motives?

As we share our findings, I propose that we focus on reconstructing the timeline of events and analyzing the relationships between the individuals involved. By doing so, we may uncover a web of deceit and uncover the identity of the murderer. We must, of course, remain vigilant and consider all possibilities, as the truth is often hidden in the smallest of details.

Shall we begin our discussion, and may I suggest that we start by examining the events surrounding Yosef's death, particularly the role of Zack and the potential involvement of Wendy and Lynn?",
1,Holmes,"An intriguing case, indeed, Monsieur Poirot. As I meticulously examined the crime scene, I uncovered a plethora of forensic evidence that warrants scrutiny. The coroner's report, which I had the privilege of perusing, indicates that the victim, Yosef, succumbed to poisoning by ""X Poison,"" a medicinal substance that, in small doses, is innocuous but, in excess, proves lethal. The body's contorted posture, pained expression, and lack of external injuries suggest that the poison was ingested, rather than administered through injection.

Notably, the environment in which the body was discovered reveals a few peculiarities. A small quantity of drug residue, devoid of ""X Poison,"" was found beside the bed, while the ventilation duct cover was loose, with crawling traces inside. Furthermore, Zack's footprints were discovered in the room, which may imply his involvement in the events preceding Yosef's demise.

The suspicious items I identified include an abnormal distribution of dust within the ventilation ducts, indicating that multiple individuals had entered, and the drugs found by the bedside did not contain ""X Poison,"" whereas Yosef's consumed drugs did. This suggests that the poisoned drugs may have been replaced after his death, potentially to mislead investigators.

In light of these findings, I propose that we consider the possibility that the murder was premeditated, with the perpetrator(s) taking measures to conceal their tracks. The presence of multiple fingerprints and fabric fibers in the ventilation ducts, as well as the discovery of drug powder mixed with ""X Poison"" at the ship's bow, implies a degree of coordination and planning.

To further our investigation, I would like to inquire, Miss Marple, what insights you gained from interviewing the suspects? Were there any inconsistencies in their testimonies or notable behaviors that may indicate deception? Additionally, Monsieur Poirot, could you elaborate on the events that transpired between 17:00 and 02:20, and how they may be connected to Yosef's murder? By pooling our knowledge and expertise, we may uncover a more comprehensive understanding of the circumstances surrounding this heinous crime.",
1,Marple,"Dear gentlemen, I do hope I'm not interrupting, but I must say, your summaries have been most enlightening. As I sat with the suspects, sipping tea and engaging in polite conversation, I couldn't help but notice a few... let's call them ""inconsistencies"" in their testimonies. 

Zack, for instance, seemed rather evasive when I inquired about his whereabouts during the time of Yosef's death. His hands, I observed, had traces of suspicious powder, which, as Mr. Holmes has pointed out, could be related to the ""X Poison"" that poor Yosef ingested. And then, of course, there's the matter of the duty roster, which suggests Zack had access to Yosef's personal items.

Lynn, on the other hand, appeared quite... composed, considering the circumstances. Her clothes, however, told a different story, with traces of dust from the ventilation ducts and residue of diluted ""X Poison"" in her pockets. One can't help but wonder what she might have been doing in those ducts, can one?

Wilson, poor man, seemed genuinely distraught, still reeling from the loss of his son. His background, as I understand it, is marked by a decade of service on the ship, during which he became embroiled in the drug trafficking scheme. The small medicine bottle labeled ""Vitamin C"" but actually containing ""X Poison"" does raise some eyebrows, don't you think, gentlemen?

As for Wendy, her sharp eyes and low-key clothing belied a certain... calculating nature, I dare say. The forged letter in Lynn's handwriting, found among her belongings, suggests a degree of cunning and manipulation.

Now, I must ask, gentlemen, have either of you considered the possibility that our murderer might not have acted alone, but rather, as part of a larger scheme? The complex web of relationships and motives among our suspects does seem to point to a more intricate plot, don't you agree?

Might I suggest, dear Mr. Holmes, that you share more about the forensic evidence you uncovered, particularly regarding the ventilation ducts and the distribution of dust? And, Mr. Poirot, your insights into the events between 17:00 and 02:20 would be most welcome, as would any observations you might have regarding the potential involvement of Wendy and Lynn.

By pooling our knowledge and expertise, I daresay we shall uncover the truth behind Yosef's tragic demise. Shall we proceed, gentlemen?",
2,Holmes,"An astute observation, Miss Marple, regarding the potential for a larger scheme. As I ponder the particulars of this case, I am reminded of the importance of scrutinizing the minutest details. The presence of multiple fingerprints and fabric fibers in the ventilation ducts, coupled with the discovery of drug powder mixed with ""X Poison"" at the ship's bow, suggests a deliberate attempt to mislead investigators.

In light of your findings, Miss Marple, I must inquire about the specifics of Zack's evasiveness during your interview. Did he exhibit any notable behaviors or mannerisms that might indicate deception? Furthermore, what was the nature of his relationship with Yosef, and how might this have contributed to a motive for murder?

Additionally, I would like to pose a question to Monsieur Poirot: Given the complex web of relationships and motives among the suspects, have you identified any potential conflicts or alliances that might have played a role in Yosef's demise? Specifically, how do you believe Wilson's involvement in the drug trafficking scheme, as well as his relationship with Lynn, might be connected to the events surrounding Yosef's death?

By examining these threads and connections, we may begin to unravel the intricate tapestry of this case and uncover the identity of the perpetrator. As we proceed, I must emphasize the importance of considering all possibilities and avoiding hasty conclusions, lest we overlook a crucial detail that might ultimately reveal the truth.

Now, I propose that we summarize the key findings and suspects thus far, in order to clarify our thoughts and focus our investigation. We have Zack, with his suspicious powder and potential access to Yosef's personal items; Lynn, with her composed demeanor and traces of ""X Poison"" in her pockets; Wilson, with his embroilment in the drug trafficking scheme and potential motive for revenge; and Wendy, with her calculating nature and possible involvement in a larger scheme. By systematically evaluating these suspects and their potential motives, we may uncover the truth behind Yosef's tragic demise.",
2,Poirot,"Mes amis, as we continue our most intriguing investigation, I must say that the threads of evidence are beginning to weave together in a most fascinating manner. The inconsistencies in the suspects' testimonies, the suspicious powder on Zack's hands, and the traces of ""X Poison"" in Lynn's pockets all point to a complex web of deceit and motives.

As I ponder the events between 17:00 and 02:20, I am struck by the curious behavior of Wendy, who was seen handing something to an accomplice, resembling a medicine bottle and syringe, at 23:00. This, coupled with the forged letter in Lynn's handwriting found among her belongings, suggests that Wendy may be more deeply embroiled in the plot than initially suspected.

Furthermore, the fact that Lynn noticed the key was missing at 18:50, only to find it on the cabinet with one bottle of ""X Poison"" missing, implies a certain degree of cunning and planning. And what of Wilson's involvement in the drug trafficking scheme, and his relationship with Lynn? Might this not provide a motive for murder, particularly if Yosef's death was seen as a means to protect their interests?

I must ask, mes amis, have we considered the possibility that the murder was not solely motivated by revenge or personal gain, but rather by a desire to protect a larger scheme or operation? The presence of multiple suspects with potential motives and the complex web of relationships between them suggests that we may be dealing with a more intricate plot than initially thought.

As we proceed, I propose that we examine the alibis of each suspect during the time of Yosef's death, and scrutinize their movements and actions in the hours leading up to the murder. By doing so, we may uncover a pattern of behavior that reveals the identity of the perpetrator.

And, Sherlock, I must inquire about the forensic evidence you uncovered regarding the ventilation ducts. Were there any signs of forced entry or exit, and might this not suggest that our murderer was someone with a certain degree of familiarity with the ship's layout and systems?

By pooling our knowledge and expertise, I daresay we shall uncover the truth behind Yosef's tragic demise, and reveal the identity of the cunning and ruthless individual who perpetrated this heinous crime. Shall we proceed, mes amis?",
2,Marple,"Dear gentlemen, I do hope we're making progress in our investigation. As I reflect on our conversation, I'm reminded of the importance of considering the human element in our deductions. The relationships between our suspects, their motivations, and their potential for deception are all crucial factors to take into account.

I must say, I'm intrigued by the inconsistencies in Zack's testimony, as well as the suspicious powder found on his hands. His relationship with Yosef, as well as his potential motives for murder, do seem to warrant further exploration. And then, of course, there's the matter of Lynn's composed demeanor, which seems at odds with the traces of ""X Poison"" found in her pockets.

As we continue our investigation, I propose that we examine the potential connections between our suspects more closely. For instance, how might Wendy's calculating nature and potential involvement in a larger scheme be related to the events surrounding Yosef's death? And what of Wilson's involvement in the drug trafficking scheme, as well as his relationship with Lynn? Might these factors have contributed to a motive for murder?

I must ask, gentlemen, have either of you considered the possibility that our murderer might have used the ventilation ducts to access Yosef's cabin, rather than entering through the door? The presence of crawling traces and dust in the ducts does suggest that someone might have used this route to gain entry.

Furthermore, I'd like to inquire about the potential significance of the forged letter in Lynn's handwriting, found among Wendy's belongings. Might this suggest a degree of collusion between the two women, or perhaps a clever attempt to mislead us?

By exploring these questions and connections, I daresay we shall uncover the truth behind Yosef's tragic demise and reveal the identity of the cunning and ruthless individual who perpetrated this heinous crime. Shall we proceed, gentlemen?",
3,Poirot,"Mes amis, as we delve deeper into this complex case, I must say that the threads of evidence are beginning to converge in a most intriguing manner. The inconsistencies in the suspects' testimonies, the suspicious powder on Zack's hands, and the traces of ""X Poison"" in Lynn's pockets all point to a complex web of deceit and motives.

As I reflect on the events between 17:00 and 02:20, I am struck by the curious behavior of Wendy, who was seen handing something to an accomplice, resembling a medicine bottle and syringe, at 23:00. This, coupled with the forged letter in Lynn's handwriting found among her belongings, suggests that Wendy may be more deeply embroiled in the plot than initially suspected.

Furthermore, the fact that Lynn noticed the key was missing at 18:50, only to find it on the cabinet with one bottle of ""X Poison"" missing, implies a certain degree of cunning and planning. And what of Wilson's involvement in the drug trafficking scheme, and his relationship with Lynn? Might this not provide a motive for murder, particularly if Yosef's death was seen as a means to protect their interests?

I must ask, mes amis, have we considered the possibility that the murder was not solely motivated by revenge or personal gain, but rather by a desire to protect a larger scheme or operation? The presence of multiple suspects with potential motives and the complex web of relationships between them suggests that we may be dealing with a more intricate plot than initially thought.

As we proceed, I propose that we examine the alibis of each suspect during the time of Yosef's death, and scrutinize their movements and actions in the hours leading up to the murder. By doing so, we may uncover a pattern of behavior that reveals the identity of the perpetrator.

And, Sherlock, I must inquire about the forensic evidence you uncovered regarding the ventilation ducts. Were there any signs of forced entry or exit, and might this not suggest that our murderer was someone with a certain degree of familiarity with the ship's layout and systems?

By pooling our knowledge and expertise, I daresay we shall uncover the truth behind Yosef's tragic demise, and reveal the identity of the cunning and ruthless individual who perpetrated this heinous crime. Shall we proceed, mes amis?

In particular, I would like to focus on the events surrounding 22:40, when Wendy witnessed Yosef's death and removed the cover, confirming his demise. Her actions, or rather, her lack of action, in not entering the cabin or alerting others, seem suspicious. Might this not suggest that she was aware of the events leading up to Yosef's death, or perhaps even played a role in his demise?

I believe, mes amis, that we are nearing a critical juncture in our investigation. The evidence is mounting, and the suspects' alibis are beginning to unravel. Let us proceed with caution and diligence, and may the truth finally be revealed.",
3,Marple,"Dear gentlemen, I do hope we're nearing the end of our investigation. As I reflect on our conversation, I'm reminded of the importance of considering all the evidence and potential motives. The relationships between our suspects, their motivations, and their potential for deception are all crucial factors to take into account.

I must say, I'm intrigued by the inconsistencies in Zack's testimony, as well as the suspicious powder found on his hands. His relationship with Yosef, as well as his potential motives for murder, do seem to warrant further exploration. And then, of course, there's the matter of Lynn's composed demeanor, which seems at odds with the traces of ""X Poison"" found in her pockets.

However, as I weigh the evidence, I'm inclined to believe that Wendy's calculating nature and potential involvement in a larger scheme make her a more likely suspect. Her actions, or rather, her lack of action, in not entering the cabin or alerting others after witnessing Yosef's death, seem suspicious. Might this not suggest that she was aware of the events leading up to Yosef's death, or perhaps even played a role in his demise?

I must ask, gentlemen, have either of you considered the possibility that Wendy's involvement in the drug trafficking scheme, as well as her relationship with Yosef, might have contributed to a motive for murder? The presence of the forged letter in Lynn's handwriting, found among her belongings, does suggest a degree of cunning and manipulation.

By examining these questions and connections, I daresay we shall uncover the truth behind Yosef's tragic demise and reveal the identity of the cunning and ruthless individual who perpetrated this heinous crime. Shall we proceed, gentlemen?

I believe the murderer is: Wendy.",Wendy
3,Holmes,"An intriguing conclusion, Miss Marple. As I reflect on the evidence and our discussion, I must concur that Wendy's calculating nature and potential involvement in a larger scheme make her a compelling suspect. The inconsistencies in Zack's testimony and the suspicious powder on his hands, while notable, do not necessarily imply his direct involvement in the murder. Similarly, Lynn's composed demeanor and the traces of ""X Poison"" in her pockets, while suspicious, may be indicative of her awareness of the events leading up to Yosef's death, rather than her direct participation.

The presence of the forged letter in Lynn's handwriting, found among Wendy's belongings, does suggest a degree of cunning and manipulation, which is consistent with Wendy's character. Furthermore, Wendy's actions, or rather, her lack of action, in not entering the cabin or alerting others after witnessing Yosef's death, do seem suspicious and imply a level of awareness or involvement in the events surrounding the murder.

As I weigh the evidence, I am inclined to agree with Miss Marple's conclusion. The cumulative effect of Wendy's suspicious behavior, her potential motives, and the presence of incriminating evidence among her belongings, all point to her involvement in Yosef's demise.

I believe the murderer is: Wendy.",Wendy
4,Poirot,"Mes amis, as we conclude our investigation, I must say that the evidence points to a most intriguing conclusion. The inconsistencies in the suspects' testimonies, the suspicious powder on Zack's hands, and the traces of ""X Poison"" in Lynn's pockets all contributed to a complex web of deceit and motives.

However, as I reflect on the events between 17:00 and 02:20, I am convinced that Wendy's calculating nature and potential involvement in a larger scheme make her the most likely suspect. Her actions, or rather, her lack of action, in not entering the cabin or alerting others after witnessing Yosef's death, seem suspicious and imply a level of awareness or involvement in the events surrounding the murder.

The presence of the forged letter in Lynn's handwriting, found among Wendy's belongings, suggests a degree of cunning and manipulation, which is consistent with Wendy's character. Furthermore, Wendy's potential motives, including her involvement in the drug trafficking scheme and her relationship with Yosef, provide a plausible explanation for her actions.

As I weigh the evidence, I am inclined to agree with Miss Marple's conclusion. The cumulative effect of Wendy's suspicious behavior, her potential motives, and the presence of incriminating evidence among her belongings, all point to her involvement in Yosef's demise.

I believe the murderer is: Wendy.",Wendy
4,Holmes,"An intriguing conclusion, indeed. As I reflect on the evidence and our discussion, I must concur that Wendy's calculating nature and potential involvement in a larger scheme make her a compelling suspect. The cumulative effect of her suspicious behavior, potential motives, and the presence of incriminating evidence among her belongings, all point to her involvement in Yosef's demise.

In light of our collective findings, I propose that we have successfully unraveled the intricate tapestry of this case, and the truth behind Yosef's tragic demise has been revealed. The evidence, though complex and multifaceted, ultimately points to Wendy as the perpetrator of this heinous crime.

I believe the murderer is: Wendy.",Wendy
4,Marple,"Dear gentlemen, I do hope we've finally reached the end of our investigation. As I reflect on our conversation, I'm reminded of the importance of considering all the evidence and potential motives. The relationships between our suspects, their motivations, and their potential for deception are all crucial factors to take into account.

I must say, I'm pleased that we've all come to the same conclusion: Wendy is the most likely suspect. Her calculating nature, potential involvement in a larger scheme, and suspicious behavior all point to her guilt. The presence of the forged letter in Lynn's handwriting, found among her belongings, suggests a degree of cunning and manipulation, which is consistent with Wendy's character.

As we conclude our investigation, I'd like to summarize the key findings that led us to this conclusion. We have Wendy's suspicious behavior, her potential motives, and the presence of incriminating evidence among her belongings, all of which point to her involvement in Yosef's demise.

I believe the murderer is: Wendy.",Wendy