Turn No.,Agent Name,Spoken Content,Believed Murderer
1,Poirot,"Bonjour, mes amis. We find ourselves in a most intriguing and complex situation, n'est-ce pas? As we begin our collaborative investigation, we must first share the information we have gathered thus far. I, Hercule Poirot, have focused on reconstructing the timeline of events, examining the sequence of occurrences before and after the crime. The collected clues, which I shall refer to as ""les indices,"" are as follows: 

1. 17:00: Yosef boarded the ship, and Zack inspected his belongings, potentially replacing Yosef's clean drugs with poisoned ones.
2. 18:00: Zack and Yosef conducted their usual drug deal, with Zack confirming the poisoned drugs in Yosef's bag.
3. 18:10: Wendy visited the medical room, diverting Lynn's attention by mentioning Yosef was looking for her.
4. 18:20: Zack and Yosef completed their deal, and Zack passed Lynn outside the cabin.
5. 18:30: Wendy was spotted near the medical room.
6. 18:40: A crew member testified that Wendy inquired about the ventilation ducts.
7. 18:50: Lynn discovered the missing key and a bottle of 'X Poison' from the medical room.
8. 19:30: Lynn approached Wilson, claiming Yosef was trying to kill her, and gave him a bottle of 'X Poison' and a syringe.
9. 19:40: Wilson met with Yosef to discuss cooperation.
10. 20:20: Wilson returned, informing Lynn that Yosef had no intention of killing her, yet she remained uneasy.
11. 22:40: Wendy witnessed Yosef's death via the ventilation ducts, removed the cover, and confirmed his death without entering.
12. 22:50: Lynn was spotted near the ventilation duct entrance, admitting she entered the ducts but hid upon hearing someone else crawling inside.
13. 23:00: Wendy was seen handing a medicine bottle and syringe to an accomplice.
14. 23:20: Lynn reached Yosef's cabin via the ducts, found the cover removed, and saw Yosef dead, appearing to have died from 'X Poison.'
15. 02:10: Zack reached Yosef's cabin via the ducts, confirmed Yosef's death, and possibly retrieved the poisoned drugs.
16. 02:15: Zack was spotted near the ventilation duct exit, potentially disposing of the poisoned drugs.
17. 02:20: Zack was seen at the ship's bow, using the wind to dispose of the poisoned drugs, looking sorrowful.

Now, mes amis, I must ask: What information have you, Sherlock Holmes and Miss Marple, gathered during your investigations? What are your thoughts on the case thus far? We must work together, sharing our knowledge and expertise, to unravel the mystery and identify the murderer. 

And, of course, I must pose a question to guide our discussion: Which of the suspects, in your opinion, had the most compelling motive and opportunity to commit the crime?",
1,Holmes,"An intriguing case, indeed, mes amis. As I have been scrutinizing the forensic evidence, I must say that the particulars of this crime are quite fascinating. The presence of ""X Poison"" in Yosef's system, combined with the absence of any external injuries, suggests a most cunning and calculated approach to the murder. The fact that the drugs by the bedside did not contain ""X Poison,"" whereas Yosef's consumed drugs did, implies that the poisoned drugs were replaced after his death, thereby indicating a deliberate attempt to mislead the investigation.

Upon examining the crime scene, I observed a small amount of drug residue without ""X Poison"" by the bedside, as well as a loose ventilation duct cover with crawling traces inside. Furthermore, Zack's footprints were found in the room, which may suggest that he was present at the scene, possibly to retrieve the poisoned drugs. The abnormal dust distribution in the ventilation ducts, indicating multiple people had entered, also warrants consideration.

The toxicology report reveals high concentrations of ""X Poison"" in Yosef's blood, mixed with drugs, which further supports the notion that the poison was ingested through the drugs. The presence of multiple fingerprints and fabric fibers in the ventilation ducts, as well as the discovery of drug powder mixed with ""X Poison"" at the ship's bow, suggests that the perpetrator may have attempted to dispose of the evidence.

In light of these findings, I must concur with Poirot's assertion that reconstructing the timeline of events is crucial to unraveling the mystery. The sequence of occurrences, as outlined by Poirot, provides a most useful framework for analyzing the suspects' motives and opportunities.

As for the suspects, I believe that Wendy's actions, as reported by Poirot, are particularly noteworthy. Her inquiry about the ventilation ducts, combined with her presence near the medical room and her observation of Yosef's death via the ducts, suggests that she may have had a significant role in the events leading up to the murder. Moreover, her handing of a medicine bottle and syringe to an accomplice, as reported by Poirot, raises further suspicions about her involvement.

However, it is essential to consider the motives and opportunities of all suspects, including Zack, Lynn, and Wilson. Zack's potential replacement of Yosef's clean drugs with poisoned ones, as well as his presence at the crime scene, makes him a suspect of interest. Lynn's discovery of the missing key and the bottle of ""X Poison"" from the medical room, combined with her uneasy behavior, also warrants further investigation.

In conclusion, while the evidence is still being assembled, I believe that Wendy's actions and presence at the crime scene make her a prime suspect. Nevertheless, it is crucial to continue gathering information and analyzing the motives and opportunities of all suspects to ensure that justice is served.

I must pose a question to my fellow detectives: What information have you gathered regarding the suspects' personal stories and potential motives, Miss Marple? And, Poirot, how do you propose we proceed with the investigation, given the complex web of events and suspects?",
1,Marple,"Dear gentlemen, I do hope this conversation will be most enlightening. As I've been interviewing the suspects and gathering information about their personal stories and potential motives, I must say that each of them seems to have a rather complicated web of relationships and interests. 

Now, let's consider the suspects, shall we? We have Zack, the first mate, who had a long-term drug trafficking partnership with Yosef and a personal vendetta against him due to his brother's death. Then, there's Wilson, the senior crew member, who had a motive for revenge against Yosef, suspecting him of conspiring to kill his son. Lynn, the ship's doctor, appears to be a double agent, providing intelligence to both Yosef and Zack, and her actions seem rather suspicious, especially with her discovery of the missing key and the bottle of ""X Poison."" Lastly, we have Wendy, Yosef's secretary, who seems to have been planning to replace Yosef and eliminate obstacles, and her inquiry about the ventilation ducts does raise some eyebrows.

As I ponder the events and the suspects' motives, I find myself wondering: Could it be that the murderer was not acting alone, but rather, was part of a larger scheme? Or perhaps, the killer was someone who was able to manipulate others into doing their bidding? The fact that Wendy was seen handing a medicine bottle and syringe to an accomplice does suggest that there might be more to her story than initially meets the eye.

I must ask, gentlemen, have either of you considered the possibility that the murder might be linked to the death of Wilson's son, Wilson Jr., or perhaps even Nick's death? It seems to me that these events might be more connected than we initially thought. And what about the forged letter in Lynn's handwriting that was found among Wendy's belongings? Could this be a crucial piece of evidence in unraveling the mystery?

As we continue our investigation, I propose that we pay close attention to the suspects' alibis and potential opportunities for them to commit the crime. I believe it would be most helpful to create a timeline of each suspect's movements and actions, especially around the time of Yosef's death. By doing so, we might uncover some inconsistencies in their stories or discover a hidden pattern that could lead us to the killer.

Now, I must pose a question to my fellow detectives: What are your thoughts on the significance of the ventilation ducts in this case? Do you think they might hold a crucial clue to the identity of the murderer?",
2,Poirot,"Mes amis, the discussion thus far has been most enlightening, n'est-ce pas? As we continue to unravel the mystery, I must say that the ventilation ducts do indeed seem to play a crucial role in the events surrounding Yosef's death. The fact that multiple individuals, including Wendy, Lynn, and Zack, were seen entering or exiting the ducts around the time of the murder suggests that this may have been the primary means of accessing Yosef's cabin without being detected.

As I ponder the significance of the ventilation ducts, I find myself wondering: Could it be that the killer used the ducts not only to gain access to Yosef's cabin but also to create a false trail or mislead the investigation? The presence of multiple fingerprints and fabric fibers in the ducts, as noted by Sherlock Holmes, does suggest that the perpetrator may have attempted to dispose of evidence or leave behind misleading clues.

Regarding the suspects' alibis and potential opportunities, I propose that we focus on the time period between 22:30 and 23:00, when Yosef's death is believed to have occurred. During this time, Wendy was seen entering the ventilation ducts, and Lynn was spotted near the duct entrance. Zack, on the other hand, was not seen in the vicinity of the ducts until later, around 02:10.

I must ask, mes amis: What are your thoughts on the potential significance of the forged letter in Lynn's handwriting found among Wendy's belongings? Could this be a crucial piece of evidence in establishing a motive or connection between the suspects? And how do you propose we proceed with investigating the suspects' alibis and potential opportunities during the critical time period surrounding Yosef's death?

Furthermore, I would like to pose a question to guide our discussion: Is it possible that the killer may have had an accomplice or someone who helped them create a false alibi or distract from their true activities? The fact that Wendy was seen handing a medicine bottle and syringe to an accomplice does suggest that there may be more to her story than initially meets the eye.",
2,Holmes,"An astute observation, mes amis. As I ponder the significance of the ventilation ducts, I am compelled to concur with Poirot's assertion that they may have been utilized by the killer to create a false trail or mislead the investigation. The presence of multiple fingerprints and fabric fibers in the ducts, as noted by myself, does indeed suggest that the perpetrator may have attempted to dispose of evidence or leave behind misleading clues.

Furthermore, I must emphasize the importance of scrutinizing the suspects' alibis and potential opportunities during the critical time period surrounding Yosef's death. The fact that Wendy was seen entering the ventilation ducts, and Lynn was spotted near the duct entrance, warrants further investigation. Additionally, Zack's presence at the crime scene, as indicated by his footprints, and his potential retrieval of the poisoned drugs, must also be taken into consideration.

Regarding the forged letter in Lynn's handwriting found among Wendy's belongings, I believe it is essential to examine the potential implications of this discovery. Could this be a deliberate attempt by Wendy to frame Lynn or create a false narrative? Or perhaps, it may be a genuine piece of evidence that reveals a deeper connection between the suspects.

In light of these findings, I propose that we create a comprehensive timeline of each suspect's movements and actions, as suggested by Miss Marple. By doing so, we may uncover inconsistencies in their stories or discover a hidden pattern that could lead us to the killer.

I must pose a question to my fellow detectives: What are your thoughts on the potential significance of the drug powder mixed with ""X Poison"" found at the ship's bow? Could this be a crucial piece of evidence in establishing the killer's identity or motive? And how do you propose we proceed with investigating the suspects' alibis and potential opportunities during the critical time period surrounding Yosef's death?",
2,Marple,"Dear gentlemen, I do hope our conversation will continue to shed light on this complex case. As I reflect on the events and the suspects' motives, I find myself pondering the significance of the ventilation ducts. It seems to me that they may have played a crucial role in the murder, perhaps not only as a means of accessing Yosef's cabin but also as a way to create a false trail or mislead the investigation.

I must say, I am intrigued by the fact that multiple individuals, including Wendy, Lynn, and Zack, were seen entering or exiting the ducts around the time of the murder. This suggests that the killer may have used the ducts to their advantage, possibly to create an alibi or to dispose of evidence.

Regarding the suspects' alibis and potential opportunities, I propose that we take a closer look at the time period between 22:30 and 23:00, when Yosef's death is believed to have occurred. During this time, Wendy was seen entering the ventilation ducts, and Lynn was spotted near the duct entrance. Zack, on the other hand, was not seen in the vicinity of the ducts until later, around 02:10.

I must ask, gentlemen, what are your thoughts on the potential significance of the drug powder mixed with ""X Poison"" found at the ship's bow? Could this be a crucial piece of evidence in establishing the killer's identity or motive? And how do you propose we proceed with investigating the suspects' alibis and potential opportunities during the critical time period surrounding Yosef's death?

Furthermore, I would like to pose a question to guide our discussion: Is it possible that the killer may have used the ventilation ducts to plant misleading evidence or to create a false narrative? The fact that Wendy was seen handing a medicine bottle and syringe to an accomplice does suggest that there may be more to her story than initially meets the eye.

As we continue our investigation, I believe it is essential to consider the suspects' personal stories and potential motives. We must think about what might drive someone to commit such a heinous crime and how they might have planned and executed it. By examining the suspects' backgrounds and relationships, we may uncover a hidden pattern or inconsistency that could lead us to the killer.

Now, I must ask, gentlemen, have either of you considered the possibility that the murder might be linked to a larger scheme or conspiracy? Perhaps there is more to this case than initially meets the eye, and we must dig deeper to uncover the truth.",
3,Poirot,"Mes amis, the discussion thus far has been most enlightening, n'est-ce pas? As we continue to unravel the mystery, I must say that the ventilation ducts do indeed seem to play a crucial role in the events surrounding Yosef's death. The fact that multiple individuals, including Wendy, Lynn, and Zack, were seen entering or exiting the ducts around the time of the murder suggests that this may have been the primary means of accessing Yosef's cabin without being detected.

As I ponder the significance of the ventilation ducts, I find myself wondering: Could it be that the killer used the ducts not only to gain access to Yosef's cabin but also to create a false trail or mislead the investigation? The presence of multiple fingerprints and fabric fibers in the ducts, as noted by Sherlock Holmes, does suggest that the perpetrator may have attempted to dispose of evidence or leave behind misleading clues.

Regarding the suspects' alibis and potential opportunities, I propose that we focus on the time period between 22:30 and 23:00, when Yosef's death is believed to have occurred. During this time, Wendy was seen entering the ventilation ducts, and Lynn was spotted near the duct entrance. Zack, on the other hand, was not seen in the vicinity of the ducts until later, around 02:10.

I must ask, mes amis: What are your thoughts on the potential significance of the forged letter in Lynn's handwriting found among Wendy's belongings? Could this be a crucial piece of evidence in establishing a motive or connection between the suspects? And how do you propose we proceed with investigating the suspects' alibis and potential opportunities during the critical time period surrounding Yosef's death?

Furthermore, I would like to pose a question to guide our discussion: Is it possible that the killer may have had an accomplice or someone who helped them create a false alibi or distract from their true activities? The fact that Wendy was seen handing a medicine bottle and syringe to an accomplice does suggest that there may be more to her story than initially meets the eye.

As we continue our investigation, I believe it is essential to consider the psychological aspects of the case. We must think about the suspects' motivations, their potential for deception, and their ability to manipulate others. By examining the suspects' backgrounds and relationships, we may uncover a hidden pattern or inconsistency that could lead us to the killer.

Now, I must ask, mes amis, what are your thoughts on the potential significance of Zack's actions after the murder? His presence at the crime scene, his potential retrieval of the poisoned drugs, and his disposal of the drugs at the ship's bow all seem suspicious. Could it be that Zack is trying to cover his tracks or eliminate evidence? Or perhaps, he is simply trying to protect himself from being implicated in the crime?

I propose that we investigate Zack's alibi and potential opportunities further, as well as his potential motives for committing the crime. We must also consider the possibility that Zack may have had an accomplice or someone who helped him create a false alibi or distract from his true activities.

And, of course, I must remind mes amis that we must be cautious not to jump to conclusions or make assumptions based on incomplete information. We must continue to gather evidence, analyze the clues, and consider alternative explanations before making any accusations.

As we proceed with the investigation, I believe it is essential to maintain a meticulous and methodical approach, considering all possible scenarios and evaluating the evidence carefully. By doing so, we may uncover the truth behind Yosef's death and bring the perpetrator to justice.

Now, I must pose a question to guide our discussion: What are your thoughts on the potential significance of the ship's crew members' testimonies? Could they provide any valuable insights or clues that might help us solve the case?",
3,Holmes,"An intriguing discussion, indeed, mes amis. As I reflect on the events and the suspects' motives, I find myself pondering the significance of the ventilation ducts and the potential implications of the forged letter in Lynn's handwriting found among Wendy's belongings. The fact that multiple individuals, including Wendy, Lynn, and Zack, were seen entering or exiting the ducts around the time of the murder suggests that the killer may have used the ducts to their advantage, possibly to create an alibi or to dispose of evidence.

Regarding the suspects' alibis and potential opportunities, I propose that we focus on the time period between 22:30 and 23:00, when Yosef's death is believed to have occurred. During this time, Wendy was seen entering the ventilation ducts, and Lynn was spotted near the duct entrance. Zack, on the other hand, was not seen in the vicinity of the ducts until later, around 02:10.

I must ask, mes amis: What are your thoughts on the potential significance of the ship's crew members' testimonies? Could they provide any valuable insights or clues that might help us solve the case? Specifically, I would like to know more about the crew member who testified that Wendy inquired about the ventilation ducts. Could this individual have any additional information that might shed light on Wendy's involvement in the crime?

Furthermore, I would like to pose a question to guide our discussion: Is it possible that the killer may have used the ventilation ducts to plant misleading evidence or to create a false narrative? The fact that Wendy was seen handing a medicine bottle and syringe to an accomplice does suggest that there may be more to her story than initially meets the eye.

As we continue our investigation, I believe it is essential to consider the psychological aspects of the case. We must think about the suspects' motivations, their potential for deception, and their ability to manipulate others. By examining the suspects' backgrounds and relationships, we may uncover a hidden pattern or inconsistency that could lead us to the killer.

Now, I must ask, mes amis, have either of you considered the possibility that the murder might be linked to a larger scheme or conspiracy? Perhaps there is more to this case than initially meets the eye, and we must dig deeper to uncover the truth.

In light of the evidence and the discussion thus far, I believe that Wendy's actions and presence at the crime scene make her a prime suspect. However, it is crucial to continue gathering information and analyzing the motives and opportunities of all suspects to ensure that justice is served.

I propose that we investigate Wendy's alibi and potential opportunities further, as well as her potential motives for committing the crime. We must also consider the possibility that Wendy may have had an accomplice or someone who helped her create a false alibi or distract from her true activities.

Ultimately, I believe that the key to solving this case lies in uncovering the truth behind Wendy's involvement and the events surrounding Yosef's death. By carefully examining the evidence and considering alternative explanations, I am confident that we can uncover the truth and bring the perpetrator to justice.

I believe the murderer is: Wendy.",Wendy
3,Marple,"Dear gentlemen, I do hope our conversation will continue to shed light on this complex case. As I reflect on the events and the suspects' motives, I find myself pondering the significance of the ventilation ducts and the potential implications of the forged letter in Lynn's handwriting found among Wendy's belongings. The fact that multiple individuals, including Wendy, Lynn, and Zack, were seen entering or exiting the ducts around the time of the murder suggests that the killer may have used the ducts to their advantage, possibly to create an alibi or to dispose of evidence.

I must say, I am intrigued by the fact that Wendy was seen handing a medicine bottle and syringe to an accomplice. This suggests that there may be more to her story than initially meets the eye. I propose that we investigate Wendy's alibi and potential opportunities further, as well as her potential motives for committing the crime. We must also consider the possibility that Wendy may have had an accomplice or someone who helped her create a false alibi or distract from her true activities.

Regarding the suspects' alibis and potential opportunities, I propose that we focus on the time period between 22:30 and 23:00, when Yosef's death is believed to have occurred. During this time, Wendy was seen entering the ventilation ducts, and Lynn was spotted near the duct entrance. Zack, on the other hand, was not seen in the vicinity of the ducts until later, around 02:10.

I must ask, gentlemen, what are your thoughts on the potential significance of the ship's crew members' testimonies? Could they provide any valuable insights or clues that might help us solve the case? Specifically, I would like to know more about the crew member who testified that Wendy inquired about the ventilation ducts. Could this individual have any additional information that might shed light on Wendy's involvement in the crime?

Furthermore, I would like to pose a question to guide our discussion: Is it possible that the killer may have used the ventilation ducts to plant misleading evidence or to create a false narrative? The fact that Wendy was seen handing a medicine bottle and syringe to an accomplice does suggest that there may be more to her story than initially meets the eye.

As we continue our investigation, I believe it is essential to consider the psychological aspects of the case. We must think about the suspects' motivations, their potential for deception, and their ability to manipulate others. By examining the suspects' backgrounds and relationships, we may uncover a hidden pattern or inconsistency that could lead us to the killer.

Now, I must ask, gentlemen, have either of you considered the possibility that the murder might be linked to a larger scheme or conspiracy? Perhaps there is more to this case than initially meets the eye, and we must dig deeper to uncover the truth.

In light of the evidence and the discussion thus far, I believe that Wendy's actions and presence at the crime scene make her a prime suspect. However, it is crucial to continue gathering information and analyzing the motives and opportunities of all suspects to ensure that justice is served.

I propose that we investigate Wendy's alibi and potential opportunities further, as well as her potential motives for committing the crime. We must also consider the possibility that Wendy may have had an accomplice or someone who helped her create a false alibi or distract from her true activities.

Ultimately, I believe that the key to solving this case lies in uncovering the truth behind Wendy's involvement and the events surrounding Yosef's death. By carefully examining the evidence and considering alternative explanations, I am confident that we can uncover the truth and bring the perpetrator to justice.

I believe the murderer is: Wendy.",Wendy
4,Poirot,"Mes amis, the discussion thus far has been most enlightening, n'est-ce pas? As we continue to unravel the mystery, I must say that the ventilation ducts do indeed seem to play a crucial role in the events surrounding Yosef's death. The fact that multiple individuals, including Wendy, Lynn, and Zack, were seen entering or exiting the ducts around the time of the murder suggests that this may have been the primary means of accessing Yosef's cabin without being detected.

As I ponder the significance of the ventilation ducts, I find myself wondering: Could it be that the killer used the ducts not only to gain access to Yosef's cabin but also to create a false trail or mislead the investigation? The presence of multiple fingerprints and fabric fibers in the ducts, as noted by Sherlock Holmes, does suggest that the perpetrator may have attempted to dispose of evidence or leave behind misleading clues.

Regarding the suspects' alibis and potential opportunities, I propose that we focus on the time period between 22:30 and 23:00, when Yosef's death is believed to have occurred. During this time, Wendy was seen entering the ventilation ducts, and Lynn was spotted near the duct entrance. Zack, on the other hand, was not seen in the vicinity of the ducts until later, around 02:10.

I must ask, mes amis: What are your thoughts on the potential significance of the forged letter in Lynn's handwriting found among Wendy's belongings? Could this be a crucial piece of evidence in establishing a motive or connection between the suspects? And how do you propose we proceed with investigating the suspects' alibis and potential opportunities during the critical time period surrounding Yosef's death?

Furthermore, I would like to pose a question to guide our discussion: Is it possible that the killer may have had an accomplice or someone who helped them create a false alibi or distract from their true activities? The fact that Wendy was seen handing a medicine bottle and syringe to an accomplice does suggest that there may be more to her story than initially meets the eye.

As we continue our investigation, I believe it is essential to consider the psychological aspects of the case. We must think about the suspects' motivations, their potential for deception, and their ability to manipulate others. By examining the suspects' backgrounds and relationships, we may uncover a hidden pattern or inconsistency that could lead us to the killer.

Now, I must ask, mes amis, what are your thoughts on the potential significance of Zack's actions after the murder? His presence at the crime scene, his potential retrieval of the poisoned drugs, and his disposal of the drugs at the ship's bow all seem suspicious. Could it be that Zack is trying to cover his tracks or eliminate evidence? Or perhaps, he is simply trying to protect himself from being implicated in the crime?

I propose that we investigate Zack's alibi and potential opportunities further, as well as his potential motives for committing the crime. We must also consider the possibility that Zack may have had an accomplice or someone who helped him create a false alibi or distract from his true activities.

And, of course, I must remind mes amis that we must be cautious not to jump to conclusions or make assumptions based on incomplete information. We must continue to gather evidence, analyze the clues, and consider alternative explanations before making any accusations.

As we proceed with the investigation, I believe it is essential to maintain a meticulous and methodical approach, considering all possible scenarios and evaluating the evidence carefully. By doing so, we may uncover the truth behind Yosef's death and bring the perpetrator to justice.

Now, I must pose a question to guide our discussion: What are your thoughts on the potential significance of the ship's crew members' testimonies? Could they provide any valuable insights or clues that might help us solve the case?

After careful consideration of the evidence and the discussion thus far, I believe the murderer is: Wendy.",Wendy
4,Marple,"Dear gentlemen, I do hope our conversation will continue to shed light on this complex case. As I reflect on the events and the suspects' motives, I find myself pondering the significance of the ventilation ducts and the potential implications of the forged letter in Lynn's handwriting found among Wendy's belongings. The fact that multiple individuals, including Wendy, Lynn, and Zack, were seen entering or exiting the ducts around the time of the murder suggests that the killer may have used the ducts to their advantage, possibly to create an alibi or to dispose of evidence.

I must say, I am intrigued by the fact that Wendy was seen handing a medicine bottle and syringe to an accomplice. This suggests that there may be more to her story than initially meets the eye. I propose that we investigate Wendy's alibi and potential opportunities further, as well as her potential motives for committing the crime. We must also consider the possibility that Wendy may have had an accomplice or someone who helped her create a false alibi or distract from her true activities.

Regarding the suspects' alibis and potential opportunities, I propose that we focus on the time period between 22:30 and 23:00, when Yosef's death is believed to have occurred. During this time, Wendy was seen entering the ventilation ducts, and Lynn was spotted near the duct entrance. Zack, on the other hand, was not seen in the vicinity of the ducts until later, around 02:10.

I must ask, gentlemen, what are your thoughts on the potential significance of the ship's crew members' testimonies? Could they provide any valuable insights or clues that might help us solve the case? Specifically, I would like to know more about the crew member who testified that Wendy inquired about the ventilation ducts. Could this individual have any additional information that might shed light on Wendy's involvement in the crime?

Furthermore, I would like to pose a question to guide our discussion: Is it possible that the killer may have used the ventilation ducts to plant misleading evidence or to create a false narrative? The fact that Wendy was seen handing a medicine bottle and syringe to an accomplice does suggest that there may be more to her story than initially meets the eye.

As we continue our investigation, I believe it is essential to consider the psychological aspects of the case. We must think about the suspects' motivations, their potential for deception, and their ability to manipulate others. By examining the suspects' backgrounds and relationships, we may uncover a hidden pattern or inconsistency that could lead us to the killer.

Now, I must ask, gentlemen, have either of you considered the possibility that the murder might be linked to a larger scheme or conspiracy? Perhaps there is more to this case than initially meets the eye, and we must dig deeper to uncover the truth.

In light of the evidence and the discussion thus far, I believe that Wendy's actions and presence at the crime scene make her a prime suspect. However, it is crucial to continue gathering information and analyzing the motives and opportunities of all suspects to ensure that justice is served.

I propose that we investigate Wendy's alibi and potential opportunities further, as well as her potential motives for committing the crime. We must also consider the possibility that Wendy may have had an accomplice or someone who helped her create a false alibi or distract from her true activities.

Ultimately, I believe that the key to solving this case lies in uncovering the truth behind Wendy's involvement and the events surrounding Yosef's death. By carefully examining the evidence and considering alternative explanations, I am confident that we can uncover the truth and bring the perpetrator to justice.

I believe the murderer is: Wendy.",Wendy
4,Holmes,"An intriguing discussion, indeed, mes amis. As I reflect on the events and the suspects' motives, I find myself pondering the significance of the ventilation ducts and the potential implications of the forged letter in Lynn's handwriting found among Wendy's belongings. The fact that multiple individuals, including Wendy, Lynn, and Zack, were seen entering or exiting the ducts around the time of the murder suggests that the killer may have used the ducts to their advantage, possibly to create an alibi or to dispose of evidence.

Regarding the suspects' alibis and potential opportunities, I propose that we focus on the time period between 22:30 and 23:00, when Yosef's death is believed to have occurred. During this time, Wendy was seen entering the ventilation ducts, and Lynn was spotted near the duct entrance. Zack, on the other hand, was not seen in the vicinity of the ducts until later, around 02:10.

I must ask, mes amis: What are your thoughts on the potential significance of the ship's crew members' testimonies? Could they provide any valuable insights or clues that might help us solve the case? Specifically, I would like to know more about the crew member who testified that Wendy inquired about the ventilation ducts. Could this individual have any additional information that might shed light on Wendy's involvement in the crime?

Furthermore, I would like to pose a question to guide our discussion: Is it possible that the killer may have used the ventilation ducts to plant misleading evidence or to create a false narrative? The fact that Wendy was seen handing a medicine bottle and syringe to an accomplice does suggest that there may be more to her story than initially meets the eye.

As we continue our investigation, I believe it is essential to consider the psychological aspects of the case. We must think about the suspects' motivations, their potential for deception, and their ability to manipulate others. By examining the suspects' backgrounds and relationships, we may uncover a hidden pattern or inconsistency that could lead us to the killer.

Now, I must ask, mes amis, have either of you considered the possibility that the murder might be linked to a larger scheme or conspiracy? Perhaps there is more to this case than initially meets the eye, and we must dig deeper to uncover the truth.

In light of the evidence and the discussion thus far, I believe that Wendy's actions and presence at the crime scene make her a prime suspect. However, it is crucial to continue gathering information and analyzing the motives and opportunities of all suspects to ensure that justice is served.

I propose that we investigate Wendy's alibi and potential opportunities further, as well as her potential motives for committing the crime. We must also consider the possibility that Wendy may have had an accomplice or someone who helped her create a false alibi or distract from her true activities.

Ultimately, I believe that the key to solving this case lies in uncovering the truth behind Wendy's involvement and the events surrounding Yosef's death. By carefully examining the evidence and considering alternative explanations, I am confident that we can uncover the truth and bring the perpetrator to justice.

I believe the murderer is: Wendy.",Wendy
