turn,speaker,utterance
1,Marple,"Dear gentlemen, I do believe we've found ourselves in a bit of a pickle, haven't we? With only 10 minutes to investigate and a plethora of clues to sift through, I think it's essential we share our findings and work together to unravel this complex case. 

From my observations, it appears that each of our suspects has a motive for the murder. Zack, the first mate, had a personal vendetta against Yosef due to his brother's death, and his role in the drug trafficking partnership could have been compromised. Wilson, on the other hand, had a strong motive for revenge, given the suspicious circumstances surrounding his son's death. Lynn, the ship's doctor, seemed to be playing both sides, gathering intelligence for Yosef and Zack, and her life was threatened by Yosef. Lastly, Wendy, Yosef's secretary, appeared to be the mastermind behind the operation, with a clear motive to replace Yosef and eliminate any obstacles.

I must say, I'm intrigued by the presence of ""X Poison"" in various forms among the suspects. It seems to be a crucial piece of evidence, don't you think, gentlemen? I'd love to hear your thoughts on the matter. 

I believe the murderer is: Wendy."
1,Holmes,"An intriguing commencement to our collaborative endeavour, Miss Marple. Your succinct summary of the suspects' motives has indeed provided a most excellent foundation for our investigation. As I ponder the particulars of this case, I find myself drawn to the minutest details, for it is often in the most seemingly insignificant aspects that the solution to the enigma lies.

My own observations, garnered through a meticulous examination of the crime scene and a most enlightening conversation with the forensic experts, have yielded several crucial points. The presence of ""X Poison"" in the victim's system, coupled with the discovery of drug residue sans ""X Poison"" by the bedside, suggests a deliberate attempt to mislead. The loose ventilation duct cover, replete with crawling traces, implies that our culprit may have employed this route for ingress or egress. Furthermore, the abnormal dust distribution within the ducts indicates that multiple individuals had traversed this path, potentially implicating more than one person in this nefarious scheme.

I must confess, Miss Marple, that your nomination of Wendy as the prime suspect has piqued my interest. However, I propose that we consider an alternative hypothesis, one that incorporates the evidence of Zack's footprints in the room and the suspicious presence of drug powder mixed with ""X Poison"" at the ship's bow. Might it not be plausible that Zack, driven by his personal vendetta, had orchestrated this heinous crime, potentially with the aid of an accomplice or, indeed, under the guidance of a more cunning mastermind?

I believe the murderer is: Zack."
1,Poirot,"Mes amis, the plot thickens, n'est-ce pas? As we delve deeper into this complex case, it becomes increasingly evident that the solution lies in the subtle nuances, the tiny details that, at first glance, may seem insignificant. 

My own little grey cells, they have been working tirelessly to reconstruct the timeline, to examine the events preceding and following the crime. And, I must say, I am intrigued by the sequence of events, particularly the interactions between Zack and Yosef, as well as the curious behavior of Lynn, the ship's doctor. 

Miss Marple, your observation regarding the motives of our suspects is most astute, and I concur that each of them had a plausible reason for committing the crime. However, as we navigate the labyrinthine twists and turns of this case, I believe it is essential to consider the psychological aspects, the human emotions that may have driven our culprit to commit such a heinous act.

Mr. Holmes, your attention to detail is, as always, impressive, and your hypothesis regarding Zack's potential involvement is most intriguing. Nevertheless, I must pose a question: what if, mes amis, we are looking at this case from the wrong perspective? What if the true culprit is not the one who administered the poison, but rather the one who cleverly manipulated the events to lead us to believe so?

I am drawn to the enigmatic figure of Lynn, the ship's doctor. Her actions, her words, they seem to be laced with a certain... je ne sais quoi, a certain duplicity. And, of course, the missing bottle of ""X Poison"" and the suspicious conversation with Wilson, they all point to a most intriguing web of deceit.

I believe the murderer is: Lynn."
2,Poirot,"Mes amis, the investigation, she is a delicate dance, n'est-ce pas? As we weave together the threads of evidence, it becomes increasingly clear that the truth lies in the subtle interplay between our suspects. 

I must commend Miss Marple on her astute observation regarding the motives of our suspects, and Mr. Holmes, your meticulous attention to detail has, as always, shed new light on the case. However, as we continue to navigate the twists and turns of this complex web, I believe it is essential to consider the psychological nuances, the human emotions that may have driven our culprit to commit such a heinous act.

In particular, I am drawn to the curious behavior of Lynn, the ship's doctor. Her actions, her words, they seem to be laced with a certain... duplicity, a certain desire to manipulate the events to her advantage. And, of course, the missing bottle of ""X Poison"" and the suspicious conversation with Wilson, they all point to a most intriguing web of deceit.

But, mes amis, let us not forget the temporal rift that has brought us together. The fact that we are communicating via a shared phone line, relying on the gathered clues to solve the case, it is a most... unusual circumstance, n'est-ce pas? And yet, it is in this very uniqueness that we may find the key to unlocking the truth.

As I ponder the particulars of this case, I find myself drawn to the sequence of events, the timeline that has been so meticulously reconstructed. And, I must say, I am intrigued by the interactions between Zack and Yosef, as well as the curious behavior of Wendy, Yosef's secretary.

But, I must pose a question, mes amis: what if, in our haste to uncover the truth, we have overlooked a most crucial detail? What if the true culprit is not the one who administered the poison, but rather the one who cleverly manipulated the events to lead us to believe so? And what if, in our analysis, we have neglected to consider the potential motives of our suspects, the human emotions that may have driven them to commit such a heinous act?

In light of these reflections, I believe it is essential to re-examine the evidence, to re-evaluate the suspects and their motives. And, as I do so, I am drawn to the enigmatic figure of Lynn, the ship's doctor. Her actions, her words, they seem to be laced with a certain... duplicity, a certain desire"
2,Holmes,"An intriguing continuation of our collaborative endeavour, mes amis. As I ponder the particulars of this case, I find myself drawn to the subtle interplay between the suspects, the delicate dance of motives and alibis that has been so meticulously reconstructed.

Miss Marple, your initial nomination of Wendy as the prime suspect has been duly noted, and I must commend you on your astute observation of the suspects' motives. Mr. Poirot, your attention to the psychological nuances of the case has been most enlightening, and your hypothesis regarding Lynn's potential involvement has added a most intriguing layer to our investigation.

As I re-examine the evidence, I am struck by the presence of ""X Poison"" in various forms among the suspects. The fact that this poison can only be effective through direct injection or oral ingestion suggests a certain level of premeditation, a certain degree of cunning on the part of our culprit.

Furthermore, the discovery of drug powder mixed with ""X Poison"" at the ship's bow, suspected to have been left by someone attempting to scatter it with the wind, implies a most deliberate attempt to mislead. And, of course, the abnormal dust distribution within the ventilation ducts, indicating that multiple individuals had traversed this path, potentially implicates more than one person in this nefarious scheme.

In light of these reflections, I propose that we consider an alternative hypothesis, one that incorporates the evidence of Zack's footprints in the room, the suspicious presence of drug powder mixed with ""X Poison"" at the ship's bow, and the enigmatic behaviour of Lynn, the ship's doctor. Might it not be plausible that Lynn, driven by her desire to manipulate the events to her advantage, had orchestrated this heinous crime, potentially with the aid of an accomplice or, indeed, under the guidance of a more cunning mastermind?

I believe the murderer is: Lynn."
2,Marple,"Dear gentlemen, I do believe we're making excellent progress in unraveling the complexities of this case, aren't we? The subtle interplay between the suspects, the delicate dance of motives and alibis, it's all so fascinating. As I ponder the particulars, I find myself drawn to the curious behavior of Wendy, Yosef's secretary. Her actions, her words, they seem to be laced with a certain... calculating quality, a certain desire to manipulate the events to her advantage.

Mr. Holmes, your attention to the presence of ""X Poison"" in various forms among the suspects is most astute, and your hypothesis regarding Lynn's potential involvement has added a most intriguing layer to our investigation. However, I must pose a question: what if, in our haste to uncover the truth, we have overlooked a most crucial detail? What if the true culprit is not the one who administered the poison, but rather the one who cleverly manipulated the events to lead us to believe so?

As I re-examine the evidence, I am struck by the fact that Wendy, with her sharp eyes and low-key clothing, seemed to be the one pulling the strings from behind the scenes. Her background, her role as Yosef's secretary, it all points to a most cunning and calculating individual. And, of course, the presence of ""X Poison"" residue on her sleeves, the unwashed stains from ventilation duct covers, they all suggest a most... incriminating connection to the crime.

In light of these reflections, I believe it is essential to re-evaluate the suspects and their motives. And, as I do so, I am drawn to the enigmatic figure of Wendy, Yosef's secretary. Her actions, her words, they seem to be laced with a certain... duplicity, a certain desire to manipulate the events to her advantage.

I believe the murderer is: Wendy."
