turn,speaker,utterance,believed_murderer
1,Marple,"Good day to you, detectives. I do hope this peculiar arrangement of ours will prove fruitful in unraveling the tangled threads of this most intriguing case. My name is Miss Marple, and I must say, I am delighted to be collaborating with two detectives from such diverse timelines. I've been given a few exclusive clues, which I shall share with you now.

I've discovered a most peculiar detail regarding John Saar, the cardiac surgeon. There's a brownish stain on his left cuff, later tested to contain a mixture of cyanide and anticoagulant. Furthermore, an odd, cut on his palm has been found, which appears to be inconsistent with any normal accident. It seems to me that our culprit might have been in a rather...hasty hurry.

Now, I'd love to hear from my colleagues and see if we can collectively piece together the puzzle.

I believe the murderer is John Saar",John
1,Poirot,"Zut alors, Miss Marple, your deductions are quite intriguing, no? However, I must respectfully disagree with your assessment, n'est-ce pas? As we begin our collaborative investigation, I must share my exclusive clues, which I have been privy to. 

I have discovered that Charles, the butler, was seen entering the study around 21:45, and a witness confirmed that he was in the kitchen at 22:00. Furthermore, I have observed that the blackout device, which was triggered at 21:50, was not triggered by Mel, but rather by a rather cleverly disguised mechanism. This, I believe, suggests that the true culprit was attempting to mislead us. My little grey cells are whispering that our attention should be focused on the seemingly innocuous Mel, who was, in fact, not involved in the crime.

I believe the murderer is Mel",Mel
1,Holmes,"An intriguing development, indeed, Miss Marple and Monsieur Poirot. As I, Sherlock Holmes, have been perusing the crime scene and collaborating with the forensics, I have uncovered some remarkable findings. Notably, the rare surgeon-level angle of the cardiac stab wound suggests an individual with considerable medical expertise. Furthermore, the synthetic black hair found at the scene bears a striking resemblance to the hair used in Mel's wig, hinting at possible deception.

The presence of the bloodied piano wire, which appears to be unrelated to the wounds, warrants further investigation. I propose that we scrutinize the piano wire more closely, as it may hold the key to unraveling the mystery. I also notice that the safe's locking mechanism was manipulated, and only William's prints were found on it. This raises questions about William's alibi and potential involvement in the crime.

I believe the murderer is Mel",Mel
2,Holmes,"An astute observation, Miss Marple, that the brownish stain on John Saar's cuff contains a mixture of cyanide and anticoagulant. Your deduction regarding the cut on his palm, which seems inconsistent with any normal accident, is also most compelling. However, I must respectfully disagree with your assessment of John Saar as the primary suspect. Instead, I propose that we consider the possibility that the rare surgeon-level angle of the cardiac stab wound might be more indicative of the perpetrator's expertise, rather than their identity.

Furthermore, I must express my reservations regarding the identification of Mel as the primary suspect, despite Monsieur Poirot's intriguing discovery about the disguised mechanism. While the blackout device's manipulation does suggest a level of cunning, I believe it is premature to attribute the crime solely to Mel. The presence of the bloodied piano wire and the manipulated safe's locking mechanism warrant further investigation, and I propose that we examine these details more closely.

Notably, the fact that the safe's locking mechanism was manipulated, and only William's prints were found on it, raises questions about William's alibi and potential involvement in the crime. I believe we should pay particular attention to William's movements during the time of the blackout, as this might shed light on his involvement.

I believe the murderer is William",William
2,Marple,"The threads of this tangled case seem to be weaving together in most intriguing ways, n'est-ce pas? I must say, I am heartened by the keen insights of both Monsieur Poirot and Sherlock Holmes, and I am delighted to share my own thoughts on this case.

Upon further reflection, I am reminded of the old adage, ""the devil is in the details."" The presence of the violin rosin under Shirley Lambert's fingernails does strike me as a curious detail, and I must wonder if it might be more than mere coincidence. Furthermore, the torn pages of the experimental drug records, coupled with the missing surgical scalpel, do suggest a level of haste and urgency on the part of our culprit.

In light of these new observations, I am inclined to re-examine the case and consider the possibility that our culprit might be someone with a background in medicine. The rare surgeon-level angle of the cardiac stab wound, in particular, does seem to point to someone with a high level of medical expertise.

I must admit, however, that I am still drawn to the intriguing connection between the violin rosin and the cut on John Saar's palm. Could it be that our culprit is trying to send us a subtle message, one that requires a closer examination of the victim's past and personal relationships?

I believe the murderer is John Saar",John
2,Poirot,"Zee game, eet ees afoot, no? I am delighted to see that we are making progress in unraveling the tangled threads of this most intriguing case. As I reflect on our previous discussions, I am reminded of the importance of considering multiple perspectives and weighing the evidence carefully.

Miss Marple's observation regarding the violin rosin under Shirley Lambert's fingernails does seem to warrant further investigation, and I must agree that her suggestion that our culprit might be someone with a background in medicine is an astute one. The presence of the torn pages of the experimental drug records and the missing surgical scalpel do suggest a level of haste and urgency on the part of our culprit.

Furthermore, I would like to propose that we examine the alibis of all the suspects, particularly Mel, who was seen walking towards the study at 21:30, yet the blackout device was triggered at 21:50. This discrepancy does raise questions about Mel's involvement, n'est-ce pas?

We must also consider the role of the piano wire and the manipulated safe's locking mechanism. While they do suggest a level of cunning, they also raise questions about William's involvement. I propose that we scrutinize these details more closely and examine the connections between them.

I believe the murderer is William",William
3,Poirot,"Zee delicate dance of deduction, eet ees a most fascinating spectacle, no? As we continue to weave the threads of this intricate tapestry, I must say that I am heartened by the collaborative efforts of my esteemed colleagues. Each of us brings our unique perspective and expertise to the table, and together, we shall unravel the tangled threads of this most intriguing case.

As I reflect on our previous discussions, I am reminded of the importance of considering the psychological aspects of the crime. The presence of the violin rosin under Shirley Lambert's fingernails does strike me as a curious detail, and I must wonder if it might be more than mere coincidence. Furthermore, the torn pages of the experimental drug records, coupled with the missing surgical scalpel, do suggest a level of haste and urgency on the part of our culprit.

However, I must also consider the other factors at play. The brownish stain on John Saar's cuff, containing a mixture of cyanide and anticoagulant, does raise questions about his involvement. The cut on his palm, which seems inconsistent with any normal accident, does also suggest that our culprit might have been in a rather...hasty hurry.

As we continue to examine the evidence, I propose that we scrutinize the alibis of all the suspects, particularly Mel, who was seen walking towards the study at 21:30, yet the blackout device was triggered at 21:50. This discrepancy does raise questions about Mel's involvement, n'est-ce pas? Furthermore, the fact that Charles, the butler, was seen entering the study around 21:45, and a witness confirmed that he was in the kitchen at 22:00, does also suggest that Charles might be more involved than initially thought.

I believe the murderer is Charles",Charles
3,Holmes,"An intriguing case indeed, with threads of deceit and cunning woven throughout. As I, Sherlock Holmes, continue to analyze the evidence, I must express my reservations regarding the suggestions of my esteemed colleagues. While Miss Marple's observation regarding the violin rosin under Shirley Lambert's fingernails does seem to warrant further investigation, I believe it is premature to attribute the crime solely to Shirley Lambert's involvement.

Furthermore, I must re-examine the rare surgeon-level angle of the cardiac stab wound, as it appears to be a crucial piece of evidence. The presence of the synthetic black hair found at the scene, which bears a striking resemblance to the hair used in Mel's wig, suggests a level of deception. I propose that we scrutinize Mel's alibi more closely, as the discrepancy between his reported movements and the actual events may hold the key to unraveling the mystery.

The manipulated safe's locking mechanism and the bloodied piano wire also warrant further investigation. While they do suggest a level of cunning, they also raise questions about William's involvement. I believe we should pay particular attention to William's movements during the time of the blackout, as this might shed light on his involvement.

Notably, the fact that the safe's locking mechanism was manipulated, and only William's prints were found on it, raises questions about William's alibi and potential involvement in the crime. I must confess that my deductive faculties are now pointing towards William as a prime suspect.

I believe the murderer is William",William
3,Marple,"As I reflect on our previous discussions, I am struck by the complexity of this intricate case. While each of us has presented compelling arguments, I must respectfully disagree with the notion that Mel or William is the primary suspect. However, I do believe that our culprit might be someone with a background in medicine, as Miss Marple astutely observed.

Upon re-examining the case, I notice that the rare surgeon-level angle of the cardiac stab wound, the brownish stain on John Saar's cuff, and the torn pages of the experimental drug records all point towards someone with a high level of medical expertise. Furthermore, the fact that Charles, the butler, was seen entering the study around 21:45, and a witness confirmed that he was in the kitchen at 22:00, raises questions about his involvement.

I also find it intriguing that the violin rosin under Shirley Lambert's fingernails seems to be more than mere coincidence. The connection between the violin rosin and the cut on John Saar's palm also warrants further investigation. It is possible that our culprit is trying to send us a subtle message, one that requires a closer examination of the victim's past and personal relationships.

I propose that we scrutinize the alibis of all the suspects, particularly Charles, who has a history of resentment towards the Lambert family. We must also examine the connections between the manipulated safe's locking mechanism, the bloodied piano wire, and the rare surgeon-level angle of the cardiac stab wound. By piecing together these seemingly unrelated details, I believe we can unravel the tangled threads of this most intriguing case.

I believe the murderer is Charles",Charles
4,Poirot,"Zee game, eet ees indeed afoot, n'est-ce pas? As we continue to weave the threads of this intricate tapestry, I must say that I am heartened by the collaborative efforts of my esteemed colleagues. Each of us brings our unique perspective and expertise to the table, and together, we shall unravel the tangled threads of this most intriguing case.

I must express my agreement with Miss Marple's astute observation regarding the violin rosin under Shirley Lambert's fingernails. It does seem to warrant further investigation, and I must wonder if it might be more than mere coincidence. Furthermore, the torn pages of the experimental drug records, coupled with the missing surgical scalpel, do suggest a level of haste and urgency on the part of our culprit.

However, I must also consider the other factors at play. The brownish stain on John Saar's cuff, containing a mixture of cyanide and anticoagulant, does raise questions about his involvement. The cut on his palm, which seems inconsistent with any normal accident, does also suggest that our culprit might have been in a rather...hasty hurry.

I propose that we scrutinize the alibis of all the suspects, particularly Charles, who has a history of resentment towards the Lambert family. We must also examine the connections between the manipulated safe's locking mechanism, the bloodied piano wire, and the rare surgeon-level angle of the cardiac stab wound. By piecing together these seemingly unrelated details, I believe we can unravel the tangled threads of this most intriguing case.

And now, I must pose a question to my esteemed colleagues: what is the significance of the violin rosin under Shirley Lambert's fingernails, and how does it relate to the cut on John Saar's palm? I believe that our culprit is trying to send us a subtle message, one that requires a closer examination of the victim's past and personal relationships.

I believe the murderer is Charles",Charles
4,Holmes,"An astute observation, Miss Marple, that the violin rosin under Shirley Lambert's fingernails seems to be more than mere coincidence. Your suggestion that our culprit might be trying to send us a subtle message is most intriguing. I must concur that the connection between the violin rosin and the cut on John Saar's palm warrants further investigation. It is indeed possible that our culprit is attempting to convey a hidden message, one that requires a closer examination of the victim's past and personal relationships.

The presence of the violin rosin under Shirley Lambert's fingernails does suggest a level of familiarity or connection with the victim. I propose that we scrutinize Shirley Lambert's alibi more closely, as her proximity to the victim and the violin rosin may hold the key to unraveling the mystery.

Furthermore, I must re-examine the rare surgeon-level angle of the cardiac stab wound, as it appears to be a crucial piece of evidence. The presence of the synthetic black hair found at the scene, which bears a striking resemblance to the hair used in Mel's wig, suggests a level of deception. I must also consider the possibility that Mel's wig may be more than just a simple disguise.

Notably, the fact that Charles, the butler, was seen entering the study around 21:45, and a witness confirmed that he was in the kitchen at 22:00, raises questions about his involvement. I propose that we scrutinize Charles's alibi more closely, as his proximity to the crime scene and the victim's study may hold the key to unraveling the mystery.

In light of these new observations, I must re-evaluate the case and consider the possibility that our culprit might be someone with a background in medicine, as Miss Marple astutely observed. The rare surgeon-level angle of the cardiac stab wound, the brownish stain on John Saar's cuff, and the torn pages of the experimental drug records all point towards someone with a high level of medical expertise.

I believe the murderer is Charles",Charles
4,Marple,"The threads of this tangled case are indeed weaving together in most intriguing ways, n'est-ce pas? As I reflect on our previous discussions, I am struck by the complexity of this intricate case. While each of us has presented compelling arguments, I must respectfully disagree with the notion that Mel or William is the primary suspect. However, I do believe that our culprit might be someone with a background in medicine, as Miss Marple astutely observed.

Upon re-examining the case, I notice that the rare surgeon-level angle of the cardiac stab wound, the brownish stain on John Saar's cuff, and the torn pages of the experimental drug records all point towards someone with a high level of medical expertise. Furthermore, the fact that Charles, the butler, was seen entering the study around 21:45, and a witness confirmed that he was in the kitchen at 22:00, raises questions about his involvement.

I also find it intriguing that the violin rosin under Shirley Lambert's fingernails seems to be more than mere coincidence. The connection between the violin rosin and the cut on John Saar's palm also warrants further investigation. It is possible that our culprit is trying to send us a subtle message, one that requires a closer examination of the victim's past and personal relationships.

I propose that we scrutinize the alibis of all the suspects, particularly Charles, who has a history of resentment towards the Lambert family. We must also examine the connections between the manipulated safe's locking mechanism, the bloodied piano wire, and the rare surgeon-level angle of the cardiac stab wound. By piecing together these seemingly unrelated details, I believe we can unravel the tangled threads of this most intriguing case.

I believe the murderer is Charles",Charles
